Date,Description,Category,Amount,Balance
2025-10-01,Salary,Income,50000.0,50000.0
2025-10-03,Groceries,Expense,-1200.0,48800.0
2025-10-05,Electricity Bill,Expense,-1800.0,47000.0
2025-10-10,Mobile Recharge,Expense,-300.0,46700.0
2025-10-15,Freelance Work,Income,7000.0,53700.0
2025-10-20,Shopping,Expense,-3500.0,50200.0
2025-10-25,Rent,Expense,-8000.0,42200.0
2025-10-28,Internet Bill,Expense,-700.0,41500.0
2025-11-01,Salary,Income,50000.0,91500.0
2025-11-02,Groceries,Expense,-1500.0,90000.0
2025-11-03,Electricity Bill,Expense,-2000.0,88000.0
2025-11-05,Restaurant,Expense,-800.0,87200.0
2025-11-10,Freelance Work,Income,8000.0,95200.0
2025-11-12,Internet Bill,Expense,-600.0,94600.0
2025-11-15,Shopping,Expense,-4500.0,90100.0
2025-11-20,Savings Transfer,Expense,-5000.0,85100.0
2025-11-25,Deposit Interest,Income,200.0,85300.0
2025-12-01,Salary,Income,50000.0,135300.0
2025-12-04,Groceries,Expense,-2000.0,133300.0
2025-12-06,Restaurant,Expense,-900.0,132400.0
2025-12-10,Freelance Work,Income,6000.0,138400.0
2025-12-12,Electricity Bill,Expense,-2200.0,136200.0
2025-12-18,Shopping,Expense,-3500.0,132700.0
2025-12-22,Online Purchase,Expense,-2700.0,130000.0
2025-12-28,Internet Bill,Expense,-700.0,129300.0
2025-12-30,Deposit Interest,Income,250.0,129550.0
2025-11-13,TV charge,Expense,900.0,130450.0
2026-03-22,salary,Income,10000.0,140450.0
